{
  "junction_right_sample": {
    "Drive": {
      "Direction": "Right",
      "Follow-up-Direction": "Forward",
      "Wait": false,
      "Delay": 0
    },
    "Arm": {
      "Horizontal-Action": "None",
      "Vertical-Action": "None",
      "Horizontal": 0,
      "Vertical": 0
    },
    "Mission": {
      "Junction": true,
      "Follow-up": true,
      "EndMission": false
    }
  },
  "junction_left_sample": {
    "Drive": {
      "Direction": "Left",
      "Follow-up-Direction": "Forward",
      "Wait": false,
      "Delay": 0
    },
    "Arm": {
      "Horizontal-Action": "None",
      "Vertical-Action": "None",
      "Horizontal": 0,
      "Vertical": 0
    },
    "Mission": {
      "Junction": true,
      "Follow-up": true,
      "EndBlock": false,
      "EndMission": false
    }
  },
  "raise_arm_vertically_sample": {
    "Drive": {
      "Direction": "Forward",
      "Follow-up-Direction": "None",
      "Wait": true,
      "Delay": 5
    },
    "Arm": {
      "Horizontal-Action": "None",
      "Vertical-Action": "Raise",
      "Horizontal": 0,
      "Vertical": 300
    },
    "Mission": {
      "Junction": false,
      "Follow-up": false,
      "EndBlock": false,
      "EndMission": false
    }
  },
  "extend_arm_horizontally_sample": {
    "Drive": {
      "Direction": "Pause",
      "Follow-up-Direction": "Forward",
      "Wait": true,
      "Delay": 5
    },
    "Arm": {
      "Horizontal-Action": "Extend",
      "Vertical-Action": "None",
      "Horizontal": 750,
      "Vertical": 0
    },
    "Mission": {
      "Junction": false,
      "Follow-up": false,
      "EndBlock": false,
      "EndMission": false
    }
  },
  "end_block_sample": {
    "Drive": {
      "Direction": "Backward",
      "Follow-up-Direction": "None",
      "Wait": true,
      "Delay": 5
    },
    "Arm": {
      "Horizontal-Action": "None",
      "Vertical-Action": "None",
      "Horizontal": 0,
      "Vertical": 0
    },
    "Mission": {
      "Junction": false,
      "Follow-up": false,
      "EndBlock": true,
      "EndMission": false
    }
  },
  "end_mission_sample": {
    "Drive": {
      "Direction": "Stop",
      "Follow-up-Direction": "None",
      "Wait": false,
      "Delay": 0
    },
    "Arm": {
      "Horizontal-Action": "None",
      "Vertical-Action": "None",
      "Horizontal": 0,
      "Vertical": 0
    },
    "Mission": {
      "Junction": false,
      "Follow-up": false,
      "EndBlock": true,
      "EndMission": true
    }
  },
  "forward_test_sample": {
    "Drive": {
      "Direction": "Forward",
      "Follow-up-Direction": "None",
      "Wait": false,
      "Delay": 0
    },
    "Arm": {
      "Horizontal-Action": "None",
      "Vertical-Action": "None",
      "Horizontal": 0,
      "Vertical": 0
    },
    "Mission": {
      "Junction": false,
      "Follow-up": false,
      "EndMission": false
    }
  },
  "backward_test_sample": {
    "Drive": {
      "Direction": "Backward",
      "Follow-up-Direction": "None",
      "Wait": false,
      "Delay": 0
    },
    "Arm": {
      "Horizontal-Action": "None",
      "Vertical-Action": "None",
      "Horizontal": 0,
      "Vertical": 0
    },
    "Mission": {
      "Junction": false,
      "Follow-up": false,
      "EndMission": false
    }
  }
}